text,label
I love this movie,1
This product is amazing,1
Great service and very professional,1
I’m extremely satisfied,1
One of the best purchases ever,1
Fantastic work,1
Super helpful team,1
I’m happy with the results,1
Everything went smoothly,1
Wonderful customer support,1
The app works flawlessly,1
Brilliant experience overall,1
I enjoyed every moment,1
Truly a masterpiece,1
Very responsive staff,1
Quick delivery and quality product,1
Perfect experience,1
Top-notch performance,1
Highly recommended,1
Effortless and seamless,1
Absolutely worth it,1
The quality is excellent,1
Very impressed with the service,1
Everything is just right,1
I had a pleasant experience,1
Very useful and user-friendly,1
Impressed with the results,1
Good experience,1
I like it a lot,1
Fast and effective,1
A great choice,1
They did a great job,1
I'm glad I chose this,1
It exceeded my expectations,1
Reliable and consistent,1
Happy with the service,1
It’s perfect for me,1
Smooth transaction,1
Affordable and high quality,1
No complaints at all,1
Friendly and helpful,1
Exactly what I needed,1
Superb support team,1
Totally satisfied,1
Everything as described,1
Great value for money,1
Loved it,1
Excellent experience,1
Wonderful team effort,1
Truly exceptional,1
Works great,1
I hate this product,0
Worst experience ever,0
The service was terrible,0
Not satisfied at all,0
Absolutely disappointed,0
It stopped working,0
Very poor quality,0
I want my money back,0
Extremely frustrating,0
Completely useless,0
The experience was horrible,0
I regret buying this,0
Support never responded,0
Totally unacceptable,0
Full of bugs and crashes,0
Terrible customer service,0
Waste of time and money,0
Too slow and clunky,0
The app keeps crashing,0
Not worth the price,0
Very unprofessional,0
Extremely buggy,0
I feel cheated,0
It didn’t work at all,0
Not user-friendly,0
Such a letdown,0
This was a disaster,0
Nothing works,0
I'm never buying from here again,0
Awful performance,0
Ridiculous experience,0
I’m not happy with it,0
The product failed quickly,0
Never received the order,0
I feel disappointed,0
Completely broken,0
No help from support,0
Clumsy and slow,0
Service is pathetic,0
Major waste,0
Too many problems,0
Not reliable,0
Misleading description,0
Terrible packaging,0
Unsatisfactory experience,0
Never worked as expected,0
Product looks cheap,0
Disappointed and angry,0
Horrible return process,0
Low-quality materials,0
Very confusing to use,0
Feels like a scam,0
this is vulgur !,0
this is vulgur !,0
